ZULKIFLY;06-12-2025;2200;D/S;P130;W130;68163BZ240;120.000;PCS;1 of 1;220000173026;311;224310116453
ZULKIFLY;06-12-2025;2200;D/S;P130;W130;68163BZ240;120.000;PCS;1 of 1;220000173026;311;224310116453
ZULKIFLY;06-12-2025;2200;D/S;P130;W130;75551BZ200;120.000;PCS;1 of 1;220000173032;311;224310116453
ZULKIFLY;06-12-2025;2200;D/S;P130;W130;75552BZ190;180.000;PCS;1 of 1;220000173033;311;224310116453
ZULKIFLY;06-12-2025;2200;D/S;P130;W130;68161BZ240;92.000;PCS;1 of 1;220000173014;311;224310116453
ZULKIFLY;06-12-2025;2200;D/S;P130;W130;68164BZ220;93.000;PCS;1 of 1;220000173017;311;224310116453
ZULKIFLY;06-12-2025;2200;D/S;P130;W130;68161BZ240;30.000;PCS;1 of 1;220000173014;311;224310116453
ZULKIFLY;06-12-2025;2200;D/S;P130;W130;75552BZ190;210.000;PCS;1 of 1;220000173033;311;224310116453
ZULKIFLY;06-12-2025;2200;D/S;P130;W130;68161BZ250;160.000;PCS;1 of 1;220000173024;311;224310116453
ZULKIFLY;06-12-2025;2200;D/S;P130;W130;68164BZ230;40.000;PCS;1 of 1;220000173027;311;224310116453
ZULKIFLY;06-12-2025;2200;D/S;P130;W130;68164BZ230;45.000;PCS;1 of 1;220000173027;311;224310116453
ZULKIFLY;06-12-2025;2200;D/S;P130;W130;75552BZ190;240.000;PCS;1 of 1;220000173033;311;224310116453
ZULKIFLY;06-12-2025;2200;D/S;P130;W130;68162BZ240;160.000;PCS;1 of 1;220000173025;311;224310116453
ZULKIFLY;06-12-2025;2200;D/S;P130;W130;75551BZ200;300.000;PCS;1 of 1;220000173032;311;224310116453
ZULKIFLY;06-12-2025;2200;D/S;P130;W130;P8201-0023M;20.000;PCS;1 of 1;220000173529;311;224310116453
ZULKIFLY;06-12-2025;2200;D/S;P130;W130;P5303-0001M;50.000;PCS;1 of 1;220000173524;311;224310116453
ZULKIFLY;06-12-2025;2200;D/S;P130;W130;68163BZ230;123.000;PCS;1 of 1;220000173016;311;224310116453
ZULKIFLY;06-12-2025;2200;D/S;P130;W130;75552BZ360;176.000;PCS;1 of 1;220000172963;311;224310116453
ZULKIFLY;06-12-2025;2200;D/S;P130;W130;68163BZ300;180.000;PCS;1 of 1;220000172956;311;224310116453
ZULKIFLY;06-12-2025;2200;D/S;P130;W130;68164BZ300;157.000;PCS;1 of 1;220000172957;311;224310116453
ZULKIFLY;06-12-2025;2200;D/S;P130;W130;P5303-0002M;66.000;PCS;1 of 1;220000173525;311;224310116453
ZULKIFLY;06-12-2025;2200;D/S;P130;W130;P5403-0021M;40.000;PCS;1 of 1;220000173523;311;224310116453
ZULKIFLY;06-12-2025;2200;D/S;P130;W130;P5303-0010M;40.000;PCS;1 of 1;220000173521;311;224310116453
ZULKIFLY;06-12-2025;2200;D/S;P130;W130;P5403-0020M;40.000;PCS;1 of 1;220000173522;311;224310116453
ZULKIFLY;06-12-2025;2200;D/S;P130;W130;P5303-0009M;40.000;PCS;1 of 1;220000173520;311;224310116453
ZULKIFLY;06-12-2025;2200;D/S;P130;W130;68174BZ210;270.000;PCS;1 of 1;220000173009;311;224310116453
ZULKIFLY;06-12-2025;2200;D/S;P130;W130;68171BZ250;30.000;PCS;1 of 1;220000173006;311;224310116453
ZULKIFLY;06-12-2025;2200;D/S;P130;W130;68173BZ250;180.000;PCS;1 of 1;220000173008;311;224310116453
ZULKIFLY;06-12-2025;2200;D/S;P130;W130;68162BZ240;120.000;PCS;1 of 1;220000173025;311;224310116453
ZULKIFLY;06-12-2025;2200;D/S;P130;W130;68161BZ250;231.000;PCS;1 of 1;220000173024;311;224310116453
ZULKIFLY;06-12-2025;2200;D/S;P130;W130;68173BZ310;120.000;PCS;1 of 1;220000172960;311;224310116453
ZULKIFLY;06-12-2025;2200;D/S;P130;W130;68164BZ230;165.000;PCS;1 of 1;220000173027;311;224310116453
ZULKIFLY;06-12-2025;2200;D/S;P130;W130;68164BZ230;205.000;PCS;1 of 1;220000173027;311;224310116453
ZULKIFLY;06-12-2025;2200;D/S;P130;W130;68163BZ240;120.000;PCS;1 of 1;220000173026;311;224310116453
ZULKIFLY;06-12-2025;2200;D/S;P130;W130;68162BZ300;245.000;PCS;1 of 1;220000172955;311;224310116453
ZULKIFLY;06-12-2025;2200;D/S;P130;W130;75552BZ190;60.000;PCS;1 of 1;220000173033;311;224310116453
